Protocol,Site,HandshakeTime,PageLoadTime,DOMLoadTime,No.Plaintexts,PlaintextsEncodedSize,PlaintextsSize,PlaintextsLoadTime,HTML,HTMLEncodedSize,HTMLSize,HTMLLoadTime,JS/CSS,JS/CSSEncodedSize,JS/CSSSize,JS/CSSLoadTime,Images/Others,Images/OthersEncodedSize,Images/OthersSize,Images/OthersLoadTime,Domains,EncodedDataSize,TotalDataSize
TBD,instagram,0.475540000001,1.414124,0.742541,0,0,0,0,1,3912,14933,0.475318000001,5,267166,953819,0.157854000005,17,417413,412672,1.240896,6,688491,1381424
TBD,ebay,0.712282,2.689,1.405765,0,0,0,0,1,29097,164310,0.897191,6,149484,480234,2.609694,116,1379440,1319596,46.520067,14,1558021,1964140
TBD,qq,0.177352999999,20.361918,1.775442,1,599,1171,0.261763,27,212190,903910,21.717711,42,305134,994183,33.279698,198,1802750,1742502,178.376946,76,2320673,3641766
TBD,youtube,0.257016000001,1.857374,1.402543,0,0,0,0,4,72655,544198,1.674,11,230875,895156,1.766682,44,525267,519798,7.165158,12,828797,1959152
TBD,weibo,0.634658999999,6.062308,2.502148,1,449,82,0.314868000001,5,26437,138798,1.358534,25,475161,1491237,12.977156,46,7165968,7151210,44.356758,34,7668015,8781327
TBD,reddit,0.73747,3.479958,1.126288,0,0,0,0,10,49975,182894,3.758569,18,352592,1135355,1.612195,35,301370,290969,6.800216,23,703937,1609218
TBD,taobao,0.842587000001,4.697258,1.338131,0,0,0,0,5,69898,304189,4.765241,55,392747,1173609,10.017155,61,1587863,1565025,6.42947199999,26,2050508,3042823
TBD,facebook,0.285070000002,0.548360000001,0.459734,0,0,0,0,1,31016,111513,0.295911000001,19,240942,813771,0.503541000002,6,18872,17938,0.172992000002,5,290830,943222
TBD,sina,0.0766120000008,18.240158,1.438692,7,2939,3108,3.816995,41,298076,1113474,116.54548,116,418891,1168304,97.972081,295,8487835,8372726,1036.87577,84,9207741,10657612
TBD,google,0.594969,1.231306,0.68259,0,0,0,0,1,61122,190258,0.66135,4,267501,775984,0.501734000003,4,36678,36085,0.606609000002,7,365301,1002327
TBD,bing,0.0811630000007,0.138208,0.136253000001,0,0,0,0,1,30379,84814,0.0856600000006,0,0,0,0,1,6900,6660,0.00696200000129,2,37279,91474
TBD,stackoverflow,1.02228,2.851195,1.375031,0,0,0,0,2,42543,246017,1.541104,11,190096,816914,1.376623,19,90733,113299,2.97337699999,14,323372,1176230
TBD,yandex,2.50452,9.592433,6.309404,0,0,0,0,1,51967,232086,4.62174,7,262800,910797,9.116224,14,11816,8520,18.826964,11,326583,1151403
TBD,wikipedia,0.656143,1.085366,1.084242,0,0,0,0,1,18093,74908,0.815471,2,8476,19068,0.323269,4,26891,24542,0.651464,2,53460,118518
TBD,vk,2.02671,10.026446,5.728853,0,0,0,0,2,8157,18305,3.93746,17,328919,1078096,19.852395,13,71639,67548,16.212415,11,408715,1163949
TBD,msn,0.29946,0.898449999999,0.592721999999,0,0,0,0,1,70832,333736,0.308659,4,305078,575716,0.432302000001,24,112589,97197,0.877526000006,10,488499,1006649
TBD,live,2.041487,2.341188,2.341188,0,0,0,0,1,4513,10031,2.041474,3,60650,213541,0.623833000001,0,0,0,0,6,65163,223572
TBD,pinterest,0.54549,1.645781,1.316727,0,0,0,0,1,36953,228232,0.651164000001,14,1265853,7470513,1.878106,8,203278,201551,0.698510000002,7,1506084,7900296
TBD,yahoo,0.848365,5.198323,2.161957,2,1148,4,0.989034,7,130754,526522,2.355254,17,704403,2392022,5.967489,29,456186,435916,17.333153,24,1292491,3354464
TBD,twitter,0.895128,2.705139,2.025236,0,0,0,0,1,19054,79123,1.029319,6,607178,2670894,6.859234,2,210655,209567,1.818761,4,836887,2959584
TBD,amazon,0.488837000001,2.154683,1.050935,0,0,0,0,7,75297,247888,2.829632,20,352600,1230891,3.086894,45,3754729,3787090,9.852798,10,4182626,5265869
TBD,linkedin,0.872782,1.777516,1.352915,0,0,0,0,1,9498,41330,1.161302,8,156377,561776,0.288954000001,4,144208,143264,0.560312000003,9,310083,746370
